,high_bp,high_col,have_diabetes,diabetes_risk,taking_insulin,smoked_greater_100cigs,drink_greater_12,vig_work_activity,mod_work_activity,vig_rec_activity,mod_rec_activity,little_interest_doing_things,feeling_depressed,chf,chd,angina,angina_age_first_present,stroke,closerel_heartattack,losing_wt,increasing_exc,reducing_salt_dt,reducing_fat_dt,insured
0,-0.7472834378161872,-0.7422943591762722,-0.2184955231473156,-0.5143468043920971,-0.20972658002819655,-0.6947939847550416,-0.6256727758385736,-0.6419975420696393,-0.6374211266016165,-0.6260293270045262,-0.6338295234691514,-0.6197390215731983,-0.6204196235457033,-0.6498800792926744,-0.6485495508559586,-0.6501328127388578,-0.6503075744651311,-0.6501072522226224,-0.6314430619361895,-0.7475682816262488,-0.7479864717069132,-0.7475579160914758,-0.7473009026064346,0.12397078614072962
1,1.3195407942272868,1.3107311612850465,0.3858157983421454,0.9082251210587622,0.370331742919011,1.2268557819871295,1.1048026890159706,1.1336286925215022,1.125547733415763,1.1054322811959854,1.1192057397221629,1.094324963403632,1.0955267591639886,1.147547547003553,1.145198121790468,1.147993819562837,1.148302410942516,1.1479486852239937,1.1149917652283616,1.3200437667385707,1.3207821998996085,1.3200254634478847,1.3195716332664353,-0.2189055736109558
